{
  "W1": [
    [
      1.9966802361626943,
      3.5318878054757628,
      1.8627063832119146,
      2.5372573928671542
    ],
    [
      -1.5801648085619346,
      2.749895897555967,
      1.6448347375132533,
      3.1970443849704417
    ]
  ],
  "b1": [
    [
      1.515159298165436,
      -1.518866821704684,
      -0.5756408077909088,
      -4.177002115929506
    ]
  ],
  "W2": [
    [
      -2.855695674149697,
      0.738354732533182,
      -0.25929401619110964
    ],
    [
      4.487769011394174,
      0.8740824612129335,
      3.7988763287311444
    ],
    [
      0.8668452467188139,
      -0.4792780908458435,
      2.357956315693193
    ],
    [
      -5.017851489797684,
      5.330903683393147,
      0.9733983666909996
    ]
  ],
  "b2": [
    [
      -2.4734539038720884,
      -1.2448697086223666,
      0.7882075853920132
    ]
  ],
  "predictions": [
    [
      0,
      0,
      0
    ],
    [
      1,
      0,
      1
    ],
    [
      1,
      0,
      1
    ],
    [
      0,
      1,
      1
    ]
  ]
}